<?xml version="1.0" encoding="UTF-8"?><teamcity-plugin xmlns:xsi="http://www.w3.org/2001/XMLSchema-instance" xsi:noNamespaceSchemaLocation="urn:schemas-jetbrains-com:teamcity-plugin-v1-xml">
  <info>
    <name>deployment-dashboard</name>
    <display-name>Deployment Dashboard</display-name>
    <version>1.9.0-SNAPSHOT-20200116143218</version>
    <description>Dashboard visualising deployments into different environments</description>
    <email>kieron.wilkinson@gmail.com</email>
    <vendor>
      <name>Kieron Wilkinson</name>
      <url>https://github.com/vyadh</url>
    </vendor>
  </info>
  <requirements min-build="58245"/>
  <deployment use-separate-classloader="true" allow-runtime-reload="true"/>
</teamcity-plugin>
